[{"family":"MaterialIcons","fonts":[{"asset":"fonts/MaterialIcons-Regular.otf"}]},{"family":"Arimo","fonts":[{"weight":300,"asset":"assets/fonts/Arimo-Regular.ttf"},{"weight":400,"asset":"assets/fonts/Arimo-Regular.ttf"},{"weight":500,"asset":"assets/fonts/Arimo-Medium.ttf"},{"weight":600,"asset":"assets/fonts/Arimo-SemiBold.ttf"},{"weight":700,"asset":"assets/fonts/Arimo-Bold.ttf"},{"weight":800,"asset":"assets/fonts/Arimo-Bold.ttf"},{"weight":900,"asset":"assets/fonts/Arimo-Bold.ttf"}]},{"family":"packages/cupertino_icons/CupertinoIcons","fonts":[{"asset":"packages/cupertino_icons/assets/CupertinoIcons.ttf"}]}]